defectType,fileName
A,eJxzcQxxNDA0MTI2MDUwdzUwBQAffwOL.CSV
D,eJxzcQxxNDA0NDI2NDS0cDYwBgAfUQOD.CSV
A,eJxzcQxxNDA0NjI2NDQycDIwAQAfSAN-.CSV
A,eJxzcQxxNDA0NjI2NDSydDE0BwAfdwON.CSV
A,eJxzcQxxNDA0NjI2NDSydDQyAAAfaQOE.CSV
A,eJxzcQxxNDA0NzI2NDQycjUwBQAfggOI.CSV
B,eJxzcQxxNDA2MDI2NDS0dDKwBAAfZAOK.CSV
A,eJxzcQxxNDA2MTI2NDQ0cTOwBAAfhAON.CSV
B,eJxzcQxxNDA2MTI2NDQ0czQ2AAAfegOE.CSV
D,eJxzcQxxNDA2MTI2NDQycDQ0BgAfZgOA.CSV
A,eJxzcQxxNDA2MTI2NDQycDQwBAAfYgN9.CSV
B,eJxzcQxxNDA2MTI2NDQycDSwAAAfaQOE.CSV
B,eJxzcQxxNDA2MTI2NDS0cDI0BQAfhgOK.CSV
B,eJxzcQxxNDA2MTI2NDS0dDayBAAfkwOR.CSV
D,eJxzcQxxNDA2MzI2NDCydDUwBgAfogON.CSV
C,eJxzcQxxNDA2NDI2NDQ0czM0AAAfZwOE.CSV
A,eJxzcQxxNDA2NzI2BAI3YyMAH5UDiQ==.CSV
B,eJxzcQxxNDA2NzI2NDQ0cDE0BwAfjAOJ.CSV
A,eJxzcQxxNDA2NzI2NDQ0djE0AQAflQOJ.CSV
A,eJxzcQxxNDA2NzI2NDQwdzYwBgAfmgOJ.CSV
A,eJxzcQxxNDA2NzI2NDSwcDSwAAAfnQON.CSV
D,eJxzcQxxNDA3MTI2NDQycDQ0AwAflQOH.CSV
D,eJxzcQxxNDA3MTI2NDQycDS0BAAfmAOK.CSV
D,eJxzcQxxNDA3MTI2NDQycDSwBAAflgOJ.CSV
A,eJxzcQxxNDA3MTI2NDS0dDQ0BQAfswOO.CSV
E,eJxzcQxxNDA3MzI2NDS0cDY0BgAfxwOP.CSV
A,eJxzcQxxNDA3NDI2NDS0dDIyBgAfmAOL.CSV
A,eJxzcQxxNDAwMTI2MDUwdTM2BQAfdQOM.CSV
A,eJxzcQxxNDAwMTI2NDQ0dTIwBQAfVwOD.CSV
D,eJxzcQxxNDAwMTI2NDQ0djM0AgAfWgOD.CSV
C,eJxzcQxxNDAwMTI2NDQycTU2AQAfZgOI.CSV
A,eJxzcQxxNDAwMTI2NDS0cDQwBwAfYgOH.CSV
A,eJxzcQxxNDAwMzI2NDQydDI2AgAfYwOC.CSV
A,eJxzcQxxNDAwNDI2MDUwdTU0AAAfSwOB.CSV
D,eJxzcQxxNDAwNDI2MDUwdzMyAwAfXgOL.CSV
A,eJxzcQxxNDAwNTI2NDSydDE2BQAfggOO.CSV
A,eJxzcQxxNDAwNjI2NDQ2cDYyAgAfRwN_.CSV
A,eJxzcQxxNDAwNzI2MDUwdTcyBQAflAOP.CSV
A,eJxzcQxxNDAxMjI2NDSycDS0AAAfggOM.CSV
D,eJxzcQxxNDAyNTI2NDS0dDQ0AAAfgQOF.CSV
D,eJxzcQxxNDAyNTI2NDS0dDQwAwAfhQOK.CSV
A,eJxzcQxxNDAyNjI2NDQydDQ0AAAfUgN8.CSV
A,eJxzcQxxNDAyNjI2NDQydzI2BgAfdAOI.CSV
B,eJxzcQxxNDAyNjI2NDS0dDO0AAAfhAOQ.CSV
A,eJxzcQxxNDAyNjI2NDS0dDQwBAAfbAOD.CSV
A,eJxzcQxxNDAyNjI2NDS0dDY2BQAffAOM.CSV
C,eJxzcQxxNDAzMjI2NDQydjIyBwAfiAOK.CSV
D,eJxzcQxxNDAzMzI2NDQycDI2BAAfoAOG.CSV
A,eJxzcQxxNDAzMzI2NDQycDI2BgAfogOI.CSV
A,eJxzcQxxNDAzMzI2NDQydjI2BgAfrgOL.CSV
A,eJxzcQxxNDAzMzI2NDQydjU2AgAftgON.CSV
A,eJxzcQxxNDAzNzI2NDSycDQyAAAfxAOM.CSV
D,eJxzcQxxNDC0MDI2NDQ0dzQ0BgAfjwOI.CSV
A,eJxzcQxxNDC0MDI2NDQycTQwBwAfigOJ.CSV
B,eJxzcQxxNDC0MDI2NDQydDI0AgAffgOD.CSV
C,eJxzcQxxNDC0MDI2NDS0dDIwBwAfnAOO.CSV
D,eJxzcQxxNDC3NDI2NDQwdzSwBAAf2gOT.CSV
A,eJxzcQxxNDCwNDI2NDQydDYwBQAfgQOG.CSV
D,eJxzcQxxNDCyNDI2NDQ0czK0AAAfqAOP.CSV
D,eJxzcQxxNDCzNDI2NDS0dDc0AgAf6QOV.CSV
A,eJxzcQxxNLA0MTI2NDQydDI2AAAfsAOH.CSV
D,eJxzcQxxNLA0MTI2NDS0cDQwAQAfwgON.CSV
D,eJxzcQxxNLA0NDI2NDQ0dzMwAQAfrwOO.CSV
D,eJxzcQxxNLA0NDI2NDQ0dzMwBQAfsAOP.CSV
D,eJxzcQxxNLA0NDI2NDS0dDQ0AQAfqgOM.CSV
D,eJxzcQxxNLA0NTI2NDQydDQ2AAAftwOH.CSV
D,eJxzcQxxNLA0NTI2NDS0cDc0BQAf4QOW.CSV
A,eJxzcQxxNLA0NTI2NDS0cDe0AAAf5AOZ.CSV
D,eJxzcQxxNLA0NzI2NDQycDIyAQAfzAOM.CSV
D,eJxzcQxxNLA0NzI2NDQycDIyBQAfzQON.CSV
D,eJxzcQxxNLA0NzI2NDQycDKyBAAf0QOR.CSV
A,eJxzcQxxNLAwNDI2NDQ0dzIwBAAflQOG.CSV
A,eJxzcQxxNLAwNDI2NDQ0dzYwBQAfnAOL.CSV
D,eJxzcQxxNLAwNDI2NDS0dDI2AQAfpgOO.CSV
A,eJxzcQxxNLAwNjI2NDSycDWyAAAfxgOW.CSV
A,eJxzcQxxNLC0MDI2NDS0cDYyBQAf9QOW.CSV
A,eJxzcQxxNLCwMDI2NDQ0cTUwBgAf2gOP.CSV
A,eJzzCzM0MDEyNjQ0MnQyMAUAGAQDCw==.CSV
A,eJzzCzM0MDEyNjQ0tHAzMAMAGCgDFg==.CSV
D,eJzzCzM0MDUyNjQ0MnQxNAEAGBUDDg==.csv
A,eJzzCzM0MDYyNjQ0MnA0NAAAF_ADBA==.CSV
A,eJzzCzM0MDYyNjQ0MnA0sAAAF_YDCw==.CSV
D,eJzzCzM0NDUyNjQ0tHQxNAEAGDsDFg==.CSV
A,eJzzCzM0sDAyNjQ0MnQ1MAEAGDQDEQ==.CSV
A,eJzzCzU0MTAyNjQyMHQ0NAUAF_YDCQ==.CSV
D,eJzzCzU0MTIyNjQ0MnI1MQQAGCADEA==.CSV
A,eJzzCzU0MjEyNjQ0tHQ0MgYAGCcDEg==.CSV
A,eJzzCzU0MjMyNjQ0MnA0NAYAGBoDCw==.CSV
A,eJzzCzU0MjMyNjQ0MnA0MAMAGBsDDQ==.CSV
D,eJzzCzU0MjEyNjQ0tHQ0MgUAGCkDFA==.CSV
D,eJzzCzU0MjMyNjQ0MnA0NAcAGB4DDw==.CSV
A,eJzzCzU0NTcyNjQ0NHY0NAYAGEwDEQ==.CSV
A,eJzzCzU0NTYyNjQ0tHQxNgYAGEkDGA==.CSV
D,eJzzCzU0NTUyNjQ0snA3NgAAGGQDGg==.CSV
D,eJzzCzU0tTQyNjQ0MnI0NAcAGGUDFw==.CSV
B,eJzzCzU0tTQyNjQ0MnI0NgIAGGQDFA==.CSV
A,eJzzCzU0NTAyNjQ0NnAxNAQAGAsDCg==.CSV
A,eJzzCzU0sjQyNjQ0MnM2NAYAGFYDFg==.CSV
A,eJzzCzU0NTAyNjQ0NnA0NAYAGAQDCQ==.CSV
A,eJzzCzU0MTIyNjQ0tHAzMgAAGDEDEw==.CSV
A,eJzzCzU0MTIyNjQ0NHU0MgAAGBYDCw==.csv
A,eJzzCzU0NjYyNjQyMHQzNAMAGBkDEQ==.CSV
A,eJzzCzU0MTIyNjQ0NHU0MAQAGBMDCg==.CSV
A,eJzzCzU0MTUyNjQyMHQ2NAIAGCsDDQ==.CSV
A,eJzzCzU0MTcyNjQ0MnM0NAIAGFEDEw==.CSV
D,eJzzCzU0szAyNjQ0NnAxMgAAGGcDEw==.CSV
A,eJzzCzU0MTMyNjQ0tHQxMgAAGFcDFg==.CSV
A,eJzzCzU0NTAyNjQyMHQ2sAQAGAkDDw==.CSV
A,eJzzCzU0MTMyNjQ0MnE0MQQAGEQDEg==.CSV
A,eJzzCzU0NjYyNjQyMHIxNAIAGBMDDA==.CSV
D,eJzzCzU0NjAyNjQwMnUyMAEAF_kDCw==.CSV
D,eJzzCzU0MzEyNjQwMnUyNgYAGEcDFA==.CSV
A,eJzzCzU0NTMyNjQ0NHE3MAMAGFkDGQ==.CSV
A,eJzzCzU0MTUyNjQ0MnMzMgAAGEwDFQ==.CSV
A,eJzzCzU0MTYyNjQ0MnI1MgAAGCUDDg==.CSV
